{"cameraMode":{"drawMode":0,"name":"Shaded","section":"Shading Mode"},"sceneLighting":false,"audioPlay":false,"sceneViewState":{"showFog":true,"showMaterialUpdate":false,"showSkybox":true,"showFlares":true,"showImageEffects":true,"showParticleSystems":true},"in2DMode":false,"pivot":{"x":1.0148415565490723,"y":6.319484710693359,"z":-6.280868053436279},"rotation":{"x":0.36447715759277346,"y":-0.17009595036506654,"z":0.06790310889482498,"w":0.9130240678787231},"size":1.829938292503357,"orthographic":false}