{"cameraMode":{"drawMode":0,"name":"Shaded","section":"Shading Mode"},"sceneLighting":false,"audioPlay":false,"sceneViewState":{"showFog":true,"showMaterialUpdate":false,"showSkybox":true,"showFlares":true,"showImageEffects":true,"showParticleSystems":true},"in2DMode":false,"pivot":{"x":-3.592531681060791,"y":-3.071763753890991,"z":0.8200704455375671},"rotation":{"x":-0.31396499276161196,"y":0.2288632094860077,"z":-0.07826456427574158,"w":-0.9181079864501953},"size":21.0657901763916,"orthographic":false}