{"cameraMode":{"drawMode":0,"name":"Shaded","section":"Shading Mode"},"sceneLighting":false,"audioPlay":false,"sceneViewState":{"showFog":true,"showMaterialUpdate":false,"showSkybox":true,"showFlares":true,"showImageEffects":true,"showParticleSystems":true},"in2DMode":false,"pivot":{"x":-4.920440673828125,"y":1.8951555490493775,"z":1.041361689567566},"rotation":{"x":0.09434564411640167,"y":0.7248685956001282,"z":-0.10134135186672211,"w":0.6748291254043579},"size":4.800057411193848,"orthographic":false}