{"cameraMode":{"drawMode":0,"name":"Shaded","section":"Shading Mode"},"sceneLighting":false,"audioPlay":false,"sceneViewState":{"showFog":true,"showMaterialUpdate":false,"showSkybox":true,"showFlares":true,"showImageEffects":true,"showParticleSystems":true},"in2DMode":false,"pivot":{"x":-0.014385700225830078,"y":-0.743405818939209,"z":1.175055980682373},"rotation":{"x":0.2707050144672394,"y":0.3042983412742615,"z":-0.09064465761184693,"w":0.9087930917739868},"size":7.000357151031494,"orthographic":false}